numero origen,numero destino,cobro revertido,duracion,fecha
+191167970944,+191167970944,S,99,2020-11-04T08:30:53Z
+191167980953,+5491167930920,N,152,2020-08-27T05:55:43Z
+5491167940999,+5491167950940,S,33,2021-03-24T18:14:04Z
+5491167930920,+5491167980954,N,102,2020-04-11T17:15:07Z
+5491167940999,+5491167980951,N,62,2020-10-31T09:44:55Z
+191167980953,+191167980952,N,33,2020-10-12T02:35:13Z
+5491167950940,+5491167930920,N,164,2021-02-01T02:32:17Z
+191167970944,+5491167930920,N,193,2020-12-04T13:16:47Z
+191167970944,+5491167980951,S,98,2021-01-11T04:03:50Z
+191167970944,+5491167930920,S,64,2020-06-14T00:31:48Z
+5491167950940,+191167970944,N,386,2021-03-09T13:42:18Z
+191167970944,+5491167910920,S,104,2020-12-28T07:45:51Z
+5491167980951,+5491167920930,N,53,2021-04-06T14:02:00Z
+191167980953,+5491167910920,N,133,2020-08-17T06:36:44Z
+5491167980951,+5491167950940,S,18,2021-01-29T01:03:22Z
+5491167980953,+191167980952,S,172,2020-06-12T14:54:01Z
+5491167930920,+5491167940999,N,428,2020-08-22T17:50:47Z
+5491167930920,+5491167980953,N,8,2020-12-03T12:52:37Z
+5491167940999,+5491167950940,N,62,2021-01-27T04:32:33Z
+5491167980950,+5491167980954,S,19,2020-04-26T11:23:59Z
+5491167980954,+5491167980954,S,221,2020-06-18T13:21:12Z
+5491167910920,+5491167980951,N,48,2020-10-07T03:43:51Z
+5491167980951,+5491167980951,S,93,2020-08-10T17:56:43Z
+5491167980950,+5491167980951,S,411,2021-03-12T12:48:58Z
+5491167910920,+5491167980954,S,125,2020-06-14T03:24:51Z
+5491167940999,+5491167940999,N,290,2020-12-02T08:13:20Z
+5491167920944,+5491167950940,N,359,2020-11-07T20:31:55Z
+5491167910920,+5491167980954,N,418,2020-10-18T04:24:57Z
+191167980952,+5491167980953,S,235,2020-12-29T06:54:03Z
+5491167920930,+5491167930920,N,6,2020-07-08T22:27:43Z
+5491167980954,+191167970944,S,272,2021-03-01T14:42:37Z
+191167970944,+5491167920944,N,463,2020-06-28T05:20:53Z
+191167980952,+5491167920944,N,373,2021-01-15T23:23:42Z
+5491167980953,+191167980952,N,51,2020-09-09T15:33:07Z
+5491167930920,+5491167980953,S,78,2020-04-05T01:54:44Z
+5491167980953,+5491167940999,N,19,2020-09-23T05:00:09Z
+5491167980954,+5491167980950,S,77,2021-03-05T18:42:55Z
+5491167950940,+5491167920944,S,327,2020-07-31T15:21:58Z
+5491167950940,+5491167980951,N,306,2020-06-23T03:50:51Z
+5491167920930,+5491167980950,N,160,2021-02-23T22:45:26Z
+5491167980951,+5491167980951,N,403,2020-08-13T01:12:35Z
+191167980952,+5491167950940,S,22,2020-09-21T22:14:56Z
+5491167980951,+5491167980951,S,447,2021-02-12T11:34:52Z
+5491167980951,+5491167910920,N,322,2020-07-12T20:16:22Z
+5491167950940,+5491167980950,S,386,2020-10-21T09:10:41Z
+5491167940999,+5491167980954,S,276,2020-09-10T21:47:53Z
+191167980953,+5491167920944,N,442,2020-12-18T22:38:49Z
+5491167980951,+5491167980950,S,25,2020-11-07T06:26:29Z
+5491167950940,+191167980953,N,336,2021-01-06T18:45:00Z
+5491167920944,+191167980952,S,124,2021-03-29T04:02:11Z
+5491167980950,+191167970944,S,117,2021-04-09T16:32:23Z
+191167980953,+191167980953,N,238,2021-02-11T11:23:22Z
+5491167920930,+191167980953,S,361,2020-11-21T23:40:47Z
+5491167920944,+5491167980951,S,467,2020-12-22T23:31:23Z
+5491167980954,+5491167980950,N,153,2020-05-11T16:46:49Z
+5491167980954,+5491167910920,S,211,2020-10-10T14:29:09Z
+191167980952,+191167980952,S,268,2020-11-09T07:45:36Z
+5491167910920,+5491167910920,S,374,2020-04-19T21:07:51Z
+5491167930920,+191167970944,S,398,2021-03-14T04:27:34Z
+191167980953,+5491167980950,S,418,2021-04-14T07:59:31Z
+5491167920944,+5491167920930,N,387,2020-11-24T18:26:14Z
+5491167910920,+191167980952,S,148,2020-09-01T11:56:40Z
+191167970944,+5491167930920,N,1,2021-02-08T17:39:21Z
+191167980952,+5491167980950,S,475,2021-03-26T07:06:47Z
+5491167910920,+5491167980950,N,359,2021-03-12T10:56:17Z
+5491167910920,+5491167930920,S,370,2021-02-14T00:04:03Z
+5491167930920,+5491167920944,N,242,2020-05-19T16:27:32Z
+5491167920944,+5491167980954,S,362,2020-11-15T22:01:53Z
+5491167980951,+5491167950940,N,99,2020-04-22T07:27:16Z
+5491167950940,+191167980953,N,102,2021-01-07T05:26:46Z
+5491167980950,+191167980953,S,11,2021-02-05T02:49:39Z
+5491167920930,+191167980952,S,48,2020-08-24T22:16:01Z
+5491167930920,+191167980952,N,91,2021-03-12T02:00:04Z
+5491167930920,+191167980952,N,118,2020-12-13T05:17:08Z
+5491167910920,+5491167980953,S,385,2021-01-10T04:15:58Z
+191167980953,+191167980953,N,371,2020-09-01T21:38:36Z
+5491167950940,+5491167980951,S,306,2021-01-29T05:47:51Z
+5491167980951,+5491167980951,S,156,2020-08-19T10:44:32Z
+5491167980954,+5491167950940,S,119,2020-09-03T09:58:57Z
+5491167980950,+5491167980950,S,428,2020-06-30T19:07:29Z
+5491167920944,+5491167980953,S,23,2020-08-06T08:09:43Z
+5491167980950,+5491167980953,S,389,2020-05-06T11:19:20Z
+5491167940999,+5491167980951,S,268,2020-12-24T16:10:41Z
+191167970944,+5491167980954,S,418,2020-09-14T04:48:58Z
+5491167980954,+5491167920944,S,116,2020-12-16T11:57:59Z
+191167980952,+5491167980953,S,189,2020-07-05T07:24:40Z
+5491167910920,+5491167980950,N,189,2020-11-13T10:56:46Z
+5491167950940,+191167980952,S,110,2020-05-29T20:43:06Z
+5491167980954,+191167980952,N,352,2020-06-22T01:50:28Z
+5491167920930,+5491167980951,N,195,2020-08-26T07:06:09Z
+5491167940999,+5491167920944,S,245,2020-06-18T01:37:56Z
+191167980952,+5491167980954,N,63,2020-09-20T16:57:51Z
+5491167980954,+5491167920944,N,223,2020-12-09T08:52:28Z
+5491167940999,+5491167950940,S,283,2020-09-16T15:17:13Z
+191167980953,+5491167980950,N,81,2020-10-16T14:34:05Z
+5491167910920,+5491167950940,N,131,2021-04-05T14:40:41Z
+5491167920944,+5491167940999,N,192,2020-07-01T14:38:57Z
+5491167950940,+5491167950940,N,301,2020-06-09T16:20:27Z
+191167980952,+5491167940999,N,405,2021-02-13T21:09:32Z
+5491167980954,+5491167980950,S,130,2021-03-29T05:40:14Z
+5491167980950,+5491167930920,S,12,2020-06-09T19:47:45Z
+5491167940999,+5491167930920,S,83,2020-09-15T00:35:23Z
+191167970944,+191167970944,N,144,2021-03-12T08:14:18Z
+5491167920930,+5491167980950,S,258,2021-02-10T01:03:13Z
+5491167950940,+191167980952,N,372,2021-03-04T02:25:49Z
+5491167920930,+5491167910920,N,283,2021-03-14T18:17:11Z
+191167980952,+5491167950940,N,149,2020-05-12T00:16:12Z
+5491167920930,+5491167980951,N,364,2020-10-31T08:26:13Z
+5491167940999,+191167970944,N,185,2020-08-20T08:23:10Z
+5491167910920,+191167980952,S,412,2020-04-23T03:14:20Z
+5491167980954,+5491167920944,S,96,2020-08-02T05:37:53Z
+5491167930920,+191167970944,S,401,2020-09-03T19:25:01Z
+5491167920930,+5491167950940,N,429,2021-04-09T23:59:24Z
+5491167950940,+5491167920944,S,157,2021-03-01T04:41:59Z
+5491167910920,+5491167980953,S,442,2020-06-11T23:37:12Z
+5491167910920,+5491167980954,N,409,2020-06-10T12:18:53Z
+5491167950940,+5491167980950,N,390,2020-08-11T18:38:13Z
+5491167920944,+5491167980953,N,329,2021-03-19T13:41:01Z
+5491167910920,+5491167920930,N,223,2020-05-14T20:40:25Z
+5491167940999,+5491167940999,N,143,2020-04-23T00:05:13Z
+191167970944,+5491167910920,S,431,2020-09-05T23:42:46Z
+5491167910920,+5491167920944,S,3,2020-06-27T19:51:06Z
+5491167930920,+5491167950940,S,182,2020-11-05T20:30:55Z
+5491167910920,+5491167940999,S,50,2021-03-16T18:51:47Z
+5491167980951,+5491167980954,S,318,2020-09-15T06:04:50Z
+5491167940999,+191167970944,N,433,2020-05-26T15:12:43Z
+191167980953,+5491167950940,N,350,2021-04-15T15:52:26Z
+5491167950940,+5491167980950,S,191,2020-05-06T18:09:01Z
+5491167980953,+5491167920944,N,6,2020-09-04T10:27:29Z
+5491167980950,+5491167910920,N,77,2020-09-19T09:26:00Z
+5491167910920,+5491167940999,N,110,2020-07-08T07:36:08Z
+5491167920930,+5491167980951,N,339,2020-12-17T00:18:12Z
+5491167980954,+5491167930920,S,17,2020-11-04T16:53:49Z
+5491167920944,+5491167930920,N,388,2021-04-07T07:50:27Z
+191167980953,+191167980952,S,472,2020-08-15T21:55:02Z
+5491167980953,+5491167920930,S,491,2020-08-17T04:47:27Z
+5491167950940,+5491167920930,S,160,2020-10-07T09:21:51Z
+191167980953,+5491167980951,S,497,2020-08-16T11:20:23Z
+5491167940999,+5491167940999,N,174,2020-06-08T08:37:13Z
+5491167950940,+5491167980950,S,374,2020-05-29T12:31:55Z
+5491167920930,+5491167980950,S,269,2021-02-01T13:54:01Z
+5491167980953,+5491167980953,S,271,2020-06-10T07:29:44Z
+191167980953,+5491167930920,S,429,2020-05-24T22:39:26Z
+5491167980950,+5491167950940,N,255,2020-08-04T13:35:23Z
+5491167980954,+5491167980950,S,4,2020-04-14T01:14:14Z
+191167970944,+5491167930920,S,186,2021-04-05T19:42:09Z
+5491167980951,+5491167980953,N,216,2020-07-23T10:23:32Z
+5491167950940,+5491167950940,N,423,2021-03-12T12:08:57Z
+5491167930920,+191167980953,N,342,2020-08-31T01:50:55Z
+5491167950940,+5491167940999,N,61,2020-11-23T06:03:54Z
+5491167950940,+5491167950940,N,262,2020-05-25T23:13:21Z
+191167980953,+5491167930920,N,191,2020-09-20T07:04:21Z
+191167980953,+191167980952,N,436,2020-06-22T20:58:43Z
+5491167980953,+191167980953,N,499,2020-06-12T20:17:39Z
+5491167920930,+5491167920930,S,55,2020-05-06T03:57:40Z
+5491167980954,+5491167980953,N,341,2020-09-26T18:12:58Z
+5491167980954,+5491167940999,S,228,2020-08-06T01:37:04Z
+5491167980950,+5491167940999,S,243,2020-07-16T03:51:03Z
+5491167980951,+191167970944,S,129,2020-05-28T08:49:13Z
+5491167980950,+5491167980954,S,185,2021-03-30T18:28:48Z
+5491167920930,+5491167920930,N,18,2020-04-20T14:33:45Z
+5491167920944,+5491167930920,N,233,2020-04-03T17:18:32Z
+5491167920930,+5491167910920,N,378,2020-11-06T03:45:23Z
+191167970944,+191167980952,N,359,2020-05-23T06:40:52Z
+5491167980951,+5491167940999,N,447,2021-03-29T18:28:10Z
+191167980953,+5491167980954,S,100,2020-10-09T00:00:54Z
+5491167980950,+191167970944,N,189,2021-01-24T02:05:38Z
+5491167980951,+5491167980954,N,486,2021-04-13T17:02:08Z
+5491167980953,+5491167920944,N,421,2021-01-12T01:00:32Z
+5491167980953,+5491167910920,N,33,2021-01-01T05:34:27Z
+5491167920944,+5491167920944,S,85,2020-10-07T18:12:49Z
+5491167920944,+5491167980950,S,148,2020-11-02T18:56:58Z
+5491167980954,+191167980953,N,112,2020-04-08T20:03:01Z
+5491167980953,+5491167980951,N,249,2020-08-05T03:13:13Z
+191167980953,+5491167930920,S,290,2021-01-18T03:11:09Z
+5491167950940,+5491167980950,N,135,2021-01-02T15:24:28Z
+5491167980951,+5491167980951,N,304,2020-07-12T11:04:31Z
+5491167930920,+191167980952,N,174,2020-08-26T02:55:09Z
+5491167980950,+5491167980951,N,241,2020-12-09T14:16:53Z
+5491167980951,+5491167940999,S,106,2020-12-06T17:25:05Z
+5491167940999,+191167970944,S,220,2020-06-20T20:46:38Z
+191167970944,+5491167920944,S,304,2021-04-07T11:55:01Z
+5491167950940,+5491167980950,N,236,2020-09-28T05:41:30Z
+5491167920944,+5491167920944,N,36,2020-08-16T09:30:31Z
+5491167930920,+191167980953,N,32,2020-10-22T23:36:39Z
+191167980952,+5491167980953,S,357,2020-11-30T00:52:59Z
+5491167920944,+5491167910920,S,214,2020-05-30T05:33:16Z
+5491167980950,+191167980953,N,221,2020-11-09T16:40:37Z
+5491167980953,+5491167930920,S,351,2020-09-04T08:59:15Z
+5491167910920,+5491167950940,S,156,2021-02-14T12:40:03Z
+5491167930920,+5491167980951,S,143,2020-12-15T19:51:34Z
+5491167950940,+5491167980954,S,462,2020-04-03T07:15:03Z
+5491167940999,+5491167980954,N,464,2020-10-12T01:29:27Z
+5491167910920,+5491167980951,N,459,2020-04-17T22:32:27Z
+5491167980951,+5491167980950,S,80,2020-07-20T23:36:33Z
+5491167950940,+5491167920930,S,135,2020-05-30T02:13:27Z
+5491167940999,+5491167920930,S,389,2020-12-24T12:02:42Z
+5491167980953,+5491167980954,S,404,2020-05-04T21:22:34Z
+5491167920930,+5491167910920,N,214,2020-12-01T02:43:44Z
+5491167980953,+5491167920930,N,332,2020-08-24T23:28:44Z
+5491167980950,+5491167910920,N,383,2020-10-08T13:21:50Z
+5491167910920,+191167980952,S,232,2020-09-15T01:48:28Z
+5491167980950,+191167980952,N,309,2020-11-13T03:24:22Z
+5491167980950,+5491167980950,N,310,2020-12-22T21:22:22Z
+191167980953,+5491167930920,S,428,2020-07-26T23:32:16Z
+5491167920930,+5491167980950,S,278,2021-02-19T14:51:36Z
+5491167930920,+5491167920930,N,271,2020-05-30T14:15:51Z
+5491167980954,+5491167980950,N,183,2021-02-13T22:01:40Z
+5491167920944,+5491167910920,S,159,2020-06-30T06:18:37Z
+5491167980954,+191167980953,N,226,2020-12-02T02:42:19Z
+5491167950940,+5491167920944,N,235,2021-03-17T06:05:59Z
+5491167940999,+5491167910920,N,413,2020-10-14T08:39:55Z
+191167980952,+5491167980951,N,146,2020-04-05T08:33:18Z
+5491167920944,+191167970944,N,94,2020-09-19T07:39:32Z
+5491167910920,+5491167980950,S,291,2020-09-19T15:10:26Z
+191167980953,+5491167920944,N,422,2021-03-24T18:31:27Z
+5491167910920,+5491167950940,S,100,2020-07-28T07:10:43Z
+5491167920930,+5491167910920,S,486,2021-02-11T17:36:25Z
+5491167980951,+5491167940999,N,239,2021-01-18T08:16:41Z
+5491167920944,+191167980953,N,255,2020-09-28T05:44:32Z
+5491167980954,+191167980952,N,321,2020-05-18T08:30:37Z
+5491167930920,+5491167920930,S,153,2020-12-01T15:04:27Z
+5491167950940,+5491167950940,S,217,2020-05-16T06:16:27Z
+5491167920944,+5491167980950,S,114,2020-08-06T04:12:33Z
+5491167920944,+5491167950940,N,349,2020-06-30T03:37:30Z
+5491167920944,+5491167950940,N,183,2020-09-14T04:50:16Z
+5491167980954,+5491167940999,N,177,2021-02-04T05:40:10Z
+191167980952,+191167970944,N,384,2020-06-04T08:47:03Z
+5491167950940,+191167980953,N,429,2020-05-19T05:47:16Z
+5491167980951,+5491167950940,S,404,2020-10-13T05:55:45Z
+5491167950940,+191167970944,N,384,2020-04-10T04:59:22Z
+5491167940999,+5491167950940,S,83,2020-11-16T17:30:58Z
+5491167920944,+5491167940999,S,161,2020-06-02T08:34:51Z
+5491167980953,+5491167980954,N,148,2020-04-24T12:22:04Z
+5491167950940,+5491167980951,S,38,2020-05-24T02:30:56Z
+5491167910920,+5491167920944,N,267,2020-05-08T02:12:10Z
+5491167980953,+191167970944,N,455,2021-01-18T00:44:03Z
+5491167940999,+5491167910920,S,43,2020-09-11T04:09:19Z
+5491167980954,+5491167920944,S,437,2020-11-10T17:20:51Z
+5491167980951,+5491167910920,S,412,2021-01-17T23:02:38Z
+5491167920944,+5491167910920,N,302,2020-05-06T00:01:27Z
+5491167950940,+5491167980951,S,470,2020-08-04T04:03:26Z
+5491167910920,+5491167980950,N,376,2020-09-18T07:30:12Z
+191167970944,+5491167920930,N,241,2020-04-15T11:29:55Z
+5491167980951,+5491167920944,S,21,2020-07-19T00:27:34Z
+5491167930920,+5491167980951,S,288,2020-05-07T17:02:33Z
+5491167940999,+5491167920930,N,272,2020-12-16T19:59:56Z
+5491167980953,+5491167940999,S,64,2020-06-25T15:19:48Z
+5491167940999,+191167980952,N,312,2020-12-29T12:18:32Z
+5491167980954,+5491167980950,S,249,2020-11-05T17:35:40Z
+5491167950940,+5491167980953,S,39,2020-12-14T14:36:54Z
+191167980953,+5491167980950,S,318,2021-01-13T00:05:44Z
+5491167940999,+5491167950940,S,384,2021-01-29T14:47:48Z
+5491167980951,+5491167980953,N,275,2020-08-28T23:21:14Z
+5491167910920,+5491167980951,S,476,2021-03-28T02:16:59Z
+5491167920930,+5491167980951,N,403,2020-04-10T00:45:25Z
+5491167920930,+191167980952,S,176,2020-07-15T05:04:37Z
+5491167940999,+5491167980953,N,153,2020-10-08T15:13:55Z
+5491167950940,+5491167920930,S,209,2020-06-01T05:43:15Z
+191167980953,+5491167920930,N,58,2020-05-05T20:01:44Z
+5491167980953,+5491167920944,N,278,2021-04-14T10:49:59Z
+5491167950940,+191167980953,N,359,2021-02-14T19:07:24Z
+5491167940999,+191167980953,N,68,2020-04-18T04:55:29Z
+5491167920944,+5491167980951,N,106,2021-02-23T14:03:59Z
+5491167980951,+5491167980954,S,293,2020-11-20T06:43:05Z
+191167970944,+5491167940999,N,396,2020-09-08T19:49:45Z
+5491167980954,+5491167920930,N,78,2020-06-09T22:11:16Z
+5491167980954,+5491167980953,N,316,2021-02-23T20:57:03Z
+5491167920930,+5491167980951,N,56,2020-11-06T19:13:18Z
+5491167980953,+5491167980950,N,366,2021-03-07T01:10:23Z
+5491167930920,+5491167980954,N,250,2020-06-15T08:00:51Z
+5491167980951,+5491167980951,N,487,2020-11-06T01:18:15Z
+5491167920944,+5491167920930,S,327,2020-08-07T20:28:14Z
+191167980953,+5491167980950,N,445,2020-04-27T22:17:48Z
+5491167950940,+5491167920930,N,231,2021-01-12T06:06:07Z
+5491167920930,+191167980953,N,498,2020-12-11T09:02:53Z
+5491167930920,+5491167980951,N,239,2020-05-24T21:29:36Z
+191167980953,+191167980953,N,182,2021-03-04T09:24:57Z
+5491167980953,+5491167980950,S,74,2021-01-26T12:02:38Z
+191167980953,+5491167910920,N,482,2020-09-21T20:06:25Z
+5491167920944,+5491167980950,N,212,2020-05-29T10:59:21Z
+5491167920944,+5491167980953,N,12,2020-06-26T01:30:36Z
+191167980953,+5491167910920,S,356,2021-01-19T22:35:59Z
+5491167980954,+5491167980954,S,111,2020-05-05T04:25:35Z
+5491167920944,+5491167980951,S,462,2020-10-10T22:14:38Z
+5491167940999,+191167970944,N,227,2020-09-08T20:03:27Z
+5491167930920,+5491167930920,S,375,2020-07-04T06:12:50Z
+5491167950940,+5491167980950,N,166,2020-04-16T20:28:27Z
+5491167940999,+191167980952,S,240,2020-07-10T09:42:30Z
+5491167980954,+5491167980950,S,465,2020-08-11T00:39:51Z
+5491167980951,+5491167980953,S,303,2021-03-24T02:45:26Z
+5491167950940,+191167970944,S,404,2020-09-22T07:14:04Z
+191167970944,+5491167920930,N,39,2020-10-26T09:41:34Z
+5491167980951,+5491167980953,N,56,2020-10-26T22:11:37Z
+5491167950940,+5491167980953,S,300,2020-06-17T23:41:49Z
+5491167920944,+5491167920944,S,3,2020-12-07T07:27:22Z
+5491167980953,+191167970944,S,329,2021-02-09T21:40:06Z
+191167980953,+5491167950940,S,436,2020-10-21T04:53:33Z
+5491167940999,+191167980952,N,272,2021-04-14T08:03:23Z
+5491167940999,+191167980953,N,246,2020-04-17T16:32:24Z
+5491167930920,+5491167940999,S,144,2021-03-09T12:19:00Z
+5491167920930,+5491167920930,N,2,2020-10-14T15:58:33Z
+191167970944,+5491167910920,S,111,2020-05-09T23:14:07Z
+5491167930920,+5491167980951,S,118,2020-10-07T16:10:04Z
+5491167980954,+5491167920930,N,23,2020-05-28T08:18:14Z
+191167980953,+5491167920944,S,135,2021-03-14T20:34:14Z
+5491167980951,+5491167950940,N,318,2021-03-10T08:40:44Z
+5491167980951,+5491167950940,S,80,2020-07-15T13:08:57Z
+5491167930920,+191167980952,N,33,2020-07-16T06:37:46Z
+191167970944,+5491167930920,N,462,2020-11-12T23:16:16Z
+5491167940999,+5491167920930,N,365,2020-04-21T05:02:04Z
+5491167980954,+5491167980951,N,494,2021-02-19T18:57:42Z
+5491167950940,+191167970944,N,104,2021-01-26T10:56:36Z
+191167970944,+5491167950940,N,194,2020-09-23T05:04:32Z
+191167980953,+5491167930920,N,210,2021-03-26T14:32:34Z
+191167980952,+5491167940999,S,54,2020-04-08T09:47:25Z
+5491167930920,+5491167920930,N,11,2020-05-02T00:23:49Z
+5491167930920,+5491167930920,S,50,2020-10-04T10:49:26Z
+5491167950940,+5491167950940,N,423,2020-06-21T21:14:20Z
+5491167950940,+191167970944,N,415,2021-03-21T18:13:03Z
+5491167930920,+5491167980954,N,407,2020-08-24T07:53:00Z
+5491167910920,+5491167920930,S,388,2021-01-16T14:21:44Z
+5491167930920,+191167980952,S,302,2020-05-22T06:22:26Z
+191167980953,+5491167980951,N,232,2021-02-27T13:17:02Z
+191167970944,+5491167920930,N,47,2021-03-17T12:37:30Z
+191167980952,+5491167940999,N,213,2020-04-15T09:58:27Z
+191167980953,+5491167910920,N,466,2020-04-16T02:10:51Z
+191167980952,+5491167980954,N,179,2020-06-21T22:40:18Z
+5491167930920,+5491167940999,N,460,2021-02-11T11:49:11Z
+5491167940999,+191167970944,S,331,2021-03-04T01:32:30Z
+5491167940999,+5491167980951,S,173,2021-03-05T12:19:28Z
+191167980952,+191167970944,S,419,2021-02-11T18:26:50Z
+5491167980951,+5491167920930,N,289,2020-10-04T08:22:02Z
+191167980953,+5491167930920,S,310,2020-08-17T12:18:53Z
+5491167980953,+5491167940999,S,384,2020-09-04T07:06:50Z
+5491167940999,+5491167980953,S,310,2020-04-17T09:37:30Z
+5491167920930,+5491167920944,N,148,2020-08-08T06:31:58Z
+191167980952,+5491167920930,N,36,2020-05-16T10:37:33Z
+5491167980954,+5491167940999,N,329,2020-08-28T19:16:47Z
+5491167980953,+191167980952,N,440,2020-04-17T09:57:06Z
+5491167910920,+5491167980950,N,106,2020-09-12T08:29:39Z
+5491167910920,+191167970944,N,77,2021-03-31T14:14:28Z
+5491167930920,+5491167980951,S,423,2020-09-15T11:55:26Z
+191167970944,+5491167910920,S,114,2020-10-18T22:23:03Z
+5491167940999,+5491167950940,N,38,2020-12-17T09:31:40Z
+191167980953,+5491167950940,S,296,2021-02-01T23:20:10Z
+5491167920944,+191167980952,N,302,2020-07-29T17:29:02Z
+5491167940999,+5491167930920,N,263,2020-07-29T09:47:02Z
+5491167950940,+191167980953,S,403,2020-07-29T00:49:04Z
+5491167920944,+191167980953,S,210,2020-12-23T15:10:36Z
+5491167980951,+5491167950940,S,341,2020-11-04T23:17:14Z
+191167980952,+5491167980954,N,294,2020-09-28T16:16:16Z
+5491167940999,+5491167980951,S,484,2020-12-19T04:28:50Z
+191167980953,+5491167920944,S,363,2021-03-04T18:02:01Z
+5491167980953,+5491167910920,N,71,2020-04-18T18:53:53Z
+5491167950940,+5491167980950,N,318,2021-03-24T20:50:59Z
+191167980953,+5491167930920,N,259,2020-11-04T21:17:11Z
+5491167910920,+5491167930920,N,256,2020-06-17T04:39:40Z
+5491167910920,+5491167950940,N,238,2020-08-14T06:40:34Z
+5491167980951,+5491167980951,S,413,2021-01-25T09:37:51Z
+5491167910920,+5491167920930,S,36,2020-05-06T20:12:11Z
+5491167980953,+5491167930920,S,214,2020-10-06T22:49:45Z
+191167970944,+5491167910920,S,39,2020-12-20T09:21:40Z
+5491167980950,+5491167920944,S,343,2020-10-28T07:55:24Z
+191167980952,+5491167950940,S,10,2020-10-31T01:26:03Z
+5491167980950,+5491167940999,N,134,2020-12-13T18:50:11Z
+5491167980951,+5491167950940,N,444,2020-08-04T20:03:50Z
+191167980952,+191167980952,S,472,2020-09-06T19:36:36Z
+5491167920944,+5491167920930,S,202,2020-11-18T15:15:15Z
+191167970944,+5491167950940,N,286,2021-01-10T06:34:52Z
+5491167920930,+5491167980950,S,54,2020-12-11T03:44:42Z
+5491167980951,+5491167950940,S,314,2020-08-01T17:34:21Z
+191167980953,+191167970944,N,47,2020-04-23T13:28:10Z
+5491167930920,+5491167980950,N,347,2021-03-20T01:10:56Z
+5491167920944,+5491167980954,N,143,2021-03-05T01:23:09Z
+5491167980951,+191167980953,S,475,2020-11-04T14:12:11Z
+5491167940999,+191167980953,S,391,2020-04-25T05:50:22Z
+5491167980950,+191167970944,S,422,2020-11-19T12:05:14Z
+5491167920930,+5491167920930,S,179,2021-01-29T10:26:43Z
+5491167950940,+5491167950940,N,281,2021-03-16T10:23:39Z
+5491167950940,+5491167950940,N,366,2021-01-12T14:54:37Z
+191167970944,+5491167910920,S,345,2020-05-08T15:37:23Z
+5491167950940,+191167980953,N,409,2020-04-06T21:47:36Z
+5491167910920,+5491167980950,N,54,2020-09-22T23:39:10Z
+5491167910920,+191167970944,N,200,2020-06-08T19:51:32Z
+191167980952,+191167980952,N,494,2021-04-02T10:18:18Z
+5491167920944,+5491167980954,N,179,2021-01-23T18:53:11Z
+5491167920944,+5491167950940,S,38,2020-10-27T01:16:46Z
+191167980953,+191167980952,N,344,2020-10-10T14:11:55Z
+5491167930920,+191167980953,S,361,2021-02-25T13:25:16Z
+5491167980953,+5491167980954,N,470,2020-05-02T05:45:47Z
+191167980952,+5491167980954,N,111,2020-10-15T11:45:10Z
+5491167980954,+5491167980954,S,213,2021-04-01T10:27:51Z
+5491167940999,+191167980953,S,327,2020-04-16T13:43:48Z
+191167970944,+191167980953,N,47,2020-09-28T10:22:58Z
+5491167980951,+5491167910920,N,234,2021-01-02T11:48:38Z
+191167970944,+5491167940999,N,105,2021-02-02T13:08:04Z
+191167970944,+5491167950940,N,58,2020-08-06T09:41:54Z
+5491167980953,+5491167920944,N,485,2020-07-24T09:09:53Z
+5491167950940,+5491167930920,S,446,2020-06-06T13:46:41Z
+5491167980954,+5491167910920,N,416,2020-10-08T00:39:54Z
+191167980952,+5491167920930,N,50,2020-07-09T02:46:29Z
+5491167920930,+5491167980951,S,331,2020-10-03T19:06:52Z
+5491167920944,+5491167980953,S,428,2020-06-22T17:03:20Z
+191167970944,+5491167980951,S,379,2021-01-28T07:13:13Z
+5491167980954,+5491167930920,S,215,2020-08-06T21:02:33Z
+5491167920944,+5491167910920,N,405,2021-02-18T03:10:58Z
+5491167950940,+191167980952,S,311,2020-07-04T01:24:10Z
+5491167980951,+5491167940999,N,14,2020-11-04T06:26:35Z
+191167980953,+5491167910920,N,166,2020-05-25T17:14:58Z
+5491167910920,+191167980952,S,89,2021-02-11T10:32:32Z
+5491167920944,+191167980953,S,400,2021-01-02T04:52:25Z
+5491167980954,+5491167980953,N,452,2021-01-16T20:53:08Z
+191167980953,+191167970944,S,227,2020-04-05T03:35:13Z
+5491167980950,+5491167980954,S,100,2020-06-01T18:39:07Z
+191167980952,+5491167940999,S,293,2020-06-22T04:49:46Z
+5491167980951,+5491167910920,N,71,2020-05-13T16:21:06Z
+5491167980951,+5491167980953,S,434,2020-07-07T21:24:25Z
+191167980953,+5491167980951,N,337,2020-05-09T19:54:15Z
+5491167980954,+5491167920944,S,143,2020-10-28T10:20:57Z
+5491167910920,+5491167980950,S,98,2020-05-17T12:40:02Z
+191167980952,+5491167980950,N,398,2020-07-19T12:31:09Z
+5491167980950,+5491167980950,N,442,2020-10-30T00:00:21Z
+5491167950940,+5491167940999,N,345,2020-10-09T19:27:57Z
+5491167920930,+5491167980951,N,410,2020-04-27T11:54:26Z
+191167980952,+5491167920944,S,211,2020-06-11T01:09:07Z
+5491167950940,+5491167980950,N,381,2021-03-29T01:13:03Z
+5491167950940,+191167970944,S,238,2020-07-10T00:08:51Z
+5491167920944,+5491167920944,S,414,2020-10-01T21:40:21Z
+5491167940999,+5491167910920,N,27,2021-03-05T05:37:23Z
+5491167980951,+5491167980951,S,310,2020-12-09T07:33:53Z
+5491167980954,+5491167980950,N,183,2020-05-25T08:47:14Z
+5491167980953,+5491167950940,N,407,2020-08-16T02:55:55Z
+191167970944,+5491167920944,N,65,2021-01-27T10:09:35Z
+5491167940999,+191167980953,S,398,2020-12-03T02:07:30Z
+191167980952,+5491167980950,S,423,2020-06-12T19:23:40Z
+5491167910920,+5491167980950,N,257,2020-09-08T20:38:24Z
+5491167980951,+5491167980953,N,325,2020-12-24T05:19:52Z
+5491167920944,+5491167980954,N,478,2020-08-16T00:38:43Z
+5491167920944,+191167980952,S,241,2021-02-15T05:35:34Z
+5491167930920,+5491167930920,S,106,2020-09-27T17:49:21Z
+5491167980951,+5491167910920,N,324,2020-05-10T00:10:05Z
+5491167920930,+5491167980951,N,399,2020-05-05T19:31:08Z
+191167980952,+191167980953,N,485,2020-08-26T03:26:54Z
+191167980952,+5491167980953,S,233,2021-02-12T14:12:09Z
+191167980952,+5491167950940,N,290,2020-09-22T22:26:51Z
+191167980952,+5491167920930,S,275,2020-04-25T06:17:21Z
+5491167930920,+5491167920930,S,387,2021-01-31T15:28:49Z
+5491167980953,+5491167940999,S,472,2020-12-28T11:23:31Z
+5491167980950,+5491167920944,S,205,2021-03-06T17:54:58Z
+5491167920944,+5491167940999,S,284,2020-07-21T10:12:58Z
+5491167980950,+191167980953,S,108,2021-03-22T18:51:47Z
+5491167920930,+191167980952,S,71,2020-04-28T20:53:00Z
+191167980953,+5491167980954,S,259,2021-02-10T17:59:17Z
+5491167930920,+5491167980953,S,376,2020-12-19T13:16:46Z
+5491167910920,+5491167930920,N,432,2020-07-13T07:32:12Z
+5491167980953,+5491167950940,S,376,2021-02-19T05:23:41Z
+5491167930920,+5491167980954,S,429,2020-08-07T04:50:03Z
+191167970944,+5491167950940,S,452,2020-04-03T22:33:20Z
+5491167950940,+191167980952,S,322,2020-05-14T11:57:28Z
+5491167910920,+5491167940999,S,443,2020-06-22T12:18:47Z
+191167980953,+191167980952,N,206,2020-06-30T20:53:15Z
+191167980952,+5491167920944,N,482,2020-04-19T09:06:11Z
+5491167910920,+5491167930920,N,86,2020-09-14T18:29:30Z
+5491167920944,+5491167940999,S,28,2021-03-25T12:13:47Z
+5491167920944,+5491167930920,S,491,2020-09-13T21:36:29Z
+5491167980950,+5491167980954,N,159,2020-10-17T00:53:26Z
+5491167910920,+191167970944,N,480,2020-08-05T23:35:37Z
+5491167980950,+5491167980951,S,391,2020-10-15T20:52:01Z
+5491167910920,+191167980952,N,77,2020-10-19T11:56:52Z
+191167980953,+5491167910920,S,334,2021-04-13T08:25:49Z
+5491167930920,+191167970944,N,459,2020-06-07T01:58:36Z
+5491167950940,+5491167930920,N,492,2020-12-07T01:55:33Z
+5491167980951,+5491167980951,S,280,2021-02-12T09:45:05Z
+5491167910920,+5491167920930,S,240,2021-03-11T15:43:49Z
+5491167980953,+191167980952,N,447,2020-09-21T21:36:44Z
+5491167950940,+191167970944,S,102,2020-10-02T15:12:42Z
+5491167930920,+5491167980953,N,171,2020-04-02T17:01:50Z
+5491167920944,+5491167940999,S,281,2021-01-10T02:10:45Z
+5491167940999,+5491167980951,N,329,2020-08-04T12:17:01Z
+191167970944,+191167980952,S,170,2020-12-21T16:57:29Z
+5491167980953,+5491167980954,N,82,2020-07-16T10:58:17Z
+5491167950940,+5491167980954,N,47,2021-02-24T19:39:32Z
+191167970944,+5491167920944,N,107,2020-08-18T12:12:15Z
+5491167920944,+5491167950940,S,59,2020-10-01T23:46:32Z
+5491167980951,+191167980953,S,161,2020-10-12T22:28:30Z
+5491167910920,+5491167980950,S,163,2020-07-20T16:11:17Z
+5491167930920,+5491167980950,S,83,2020-05-16T08:43:11Z
+5491167920944,+191167980952,S,69,2021-01-17T19:22:37Z
+5491167980950,+5491167980950,N,217,2021-01-31T17:13:55Z
+191167980953,+191167970944,N,2,2020-08-06T17:46:23Z
+191167970944,+5491167980950,N,157,2020-08-05T03:25:18Z
+5491167980953,+5491167980953,N,488,2020-05-21T13:33:04Z
+5491167980954,+5491167980953,S,117,2021-01-20T09:54:34Z
+5491167950940,+5491167920930,S,174,2020-06-17T00:14:30Z
+5491167910920,+5491167980951,S,489,2021-01-21T01:55:17Z
+191167980953,+5491167980953,S,209,2020-08-04T13:48:22Z
+191167980952,+5491167980951,N,468,2021-04-13T17:24:59Z
+5491167980953,+5491167930920,S,388,2020-04-27T01:23:46Z
+191167980952,+191167970944,S,42,2020-08-04T08:15:37Z
+191167980953,+191167980953,N,28,2020-11-09T01:37:57Z
+191167970944,+5491167920930,S,82,2020-11-06T10:32:37Z
+191167980953,+5491167980954,N,29,2020-06-23T17:08:06Z
+191167980952,+5491167920944,N,14,2020-10-17T12:41:11Z
+5491167940999,+5491167980954,N,203,2020-12-24T00:43:33Z
+5491167980951,+5491167980954,N,145,2020-09-08T23:41:38Z
+5491167950940,+5491167980950,N,392,2020-07-22T16:30:14Z
+5491167980951,+191167970944,N,52,2021-03-01T18:00:14Z
+5491167940999,+5491167930920,S,77,2020-09-09T00:09:22Z
+5491167920944,+5491167980951,S,210,2021-02-26T23:18:57Z
+5491167980953,+5491167910920,N,120,2020-04-26T09:20:05Z
+5491167920930,+191167970944,S,134,2020-06-11T17:14:46Z
+5491167940999,+5491167940999,N,377,2020-07-28T03:51:47Z
+191167980953,+5491167940999,S,184,2020-08-11T21:40:22Z
+5491167930920,+191167970944,N,182,2020-10-31T20:32:07Z
+191167970944,+5491167920944,S,367,2020-06-29T22:16:43Z
+5491167940999,+5491167980950,S,5,2021-03-01T14:12:04Z
+191167970944,+5491167920944,N,297,2020-11-29T05:38:04Z
+191167980953,+5491167920930,N,153,2020-07-21T04:48:13Z
+5491167920930,+5491167950940,S,223,2021-02-25T16:03:24Z
+5491167930920,+191167980953,N,97,2021-02-11T07:08:03Z
+191167980953,+5491167980953,S,472,2020-10-26T07:01:52Z
+5491167980954,+5491167980950,S,154,2020-09-30T07:47:10Z
+5491167980953,+5491167940999,N,315,2020-12-03T02:53:43Z
+191167970944,+5491167950940,S,350,2020-10-31T04:47:32Z
+191167980953,+5491167980953,N,170,2020-12-29T05:18:47Z
+5491167980953,+5491167980951,S,286,2020-07-11T11:52:42Z
+5491167920944,+5491167980953,N,185,2020-12-19T00:50:49Z
+191167980953,+5491167920944,S,461,2020-12-05T10:32:58Z
+5491167930920,+5491167980951,S,183,2020-05-02T15:50:32Z
+191167980953,+191167970944,N,26,2021-01-23T11:21:35Z
+5491167950940,+5491167940999,S,210,2020-04-22T13:25:06Z
+5491167910920,+5491167920930,N,433,2020-12-14T10:28:56Z
+5491167920944,+5491167930920,N,293,2020-07-29T09:29:16Z
+5491167980954,+191167980952,N,450,2020-08-25T05:00:28Z
+5491167930920,+5491167920944,N,170,2021-01-01T22:42:20Z
+191167980952,+191167970944,S,317,2020-05-02T08:20:18Z
+5491167980951,+5491167980953,N,249,2020-07-09T13:02:58Z
+5491167950940,+5491167980953,S,322,2021-02-23T05:51:49Z
+5491167980950,+5491167920930,N,425,2020-04-04T18:59:54Z
+5491167950940,+5491167920930,S,131,2020-10-03T21:19:36Z
+5491167920930,+5491167980953,S,374,2021-01-13T22:44:07Z
+5491167940999,+5491167920944,N,84,2020-05-13T21:02:28Z
+5491167950940,+191167970944,S,215,2021-03-30T12:02:27Z
+5491167930920,+5491167980950,N,12,2020-09-21T10:26:31Z
+5491167940999,+5491167930920,N,360,2021-02-01T16:51:46Z
+5491167980951,+5491167950940,N,5,2021-03-25T02:37:48Z
+5491167980950,+5491167940999,S,266,2020-11-07T00:19:14Z
+191167980952,+191167970944,N,361,2021-03-27T19:10:34Z
+5491167920944,+5491167920944,S,443,2020-06-09T16:54:50Z
+191167980953,+191167970944,S,465,2020-11-20T10:05:30Z
+5491167940999,+5491167980954,N,293,2021-01-28T12:20:27Z
+5491167980953,+5491167930920,N,366,2021-03-06T15:38:13Z
+5491167910920,+5491167940999,N,374,2020-10-10T03:49:12Z
+5491167920930,+5491167980954,S,416,2020-05-09T18:01:31Z
+191167970944,+5491167980951,N,121,2021-01-10T10:35:26Z
+191167970944,+191167970944,N,12,2020-05-10T19:36:50Z
+5491167940999,+5491167910920,N,440,2020-05-02T14:15:40Z
+191167980952,+5491167980950,N,314,2020-07-26T06:37:53Z
+5491167920930,+191167980952,N,410,2021-04-09T14:17:55Z
+191167970944,+191167980953,N,167,2020-05-01T08:13:55Z
+5491167940999,+191167980952,S,347,2021-02-21T02:23:36Z
+191167980952,+5491167980950,S,316,2020-10-20T08:01:23Z
+5491167940999,+5491167980953,S,293,2020-04-12T06:20:46Z
+5491167980950,+5491167980953,S,315,2020-05-21T21:03:17Z
+5491167980951,+5491167980954,S,416,2020-11-28T23:41:29Z
+5491167930920,+5491167980950,N,36,2020-04-30T02:36:22Z
+5491167940999,+5491167980951,S,155,2021-01-15T04:56:05Z
+191167970944,+5491167980954,S,161,2020-08-14T08:10:12Z
+5491167920944,+5491167980950,N,426,2020-10-20T15:31:25Z
+191167980952,+5491167920930,S,122,2020-04-15T07:22:20Z
+5491167930920,+191167980952,N,218,2020-09-12T20:05:38Z
+5491167920930,+5491167980950,S,58,2020-07-14T12:11:53Z
+5491167920930,+5491167910920,S,196,2021-02-09T01:20:39Z
+5491167940999,+191167970944,N,54,2021-01-01T19:18:30Z
+5491167980953,+5491167920930,N,274,2020-04-16T20:05:36Z
+5491167980950,+191167970944,N,197,2020-04-09T03:55:53Z
+5491167920944,+5491167980954,N,488,2020-06-03T16:10:30Z
+5491167980950,+5491167980953,N,84,2020-10-16T04:18:30Z
+191167980953,+5491167980950,N,114,2020-09-01T07:32:10Z
+5491167940999,+191167970944,S,232,2021-04-01T09:43:43Z
+5491167920944,+5491167980954,S,258,2020-11-24T08:15:20Z
+5491167980953,+5491167920944,S,327,2021-03-05T10:27:45Z
+191167980953,+5491167980951,S,24,2020-06-18T13:40:02Z
+5491167980953,+5491167980954,N,384,2020-12-12T11:34:53Z
+5491167930920,+5491167910920,S,310,2020-06-27T17:39:39Z
+5491167980951,+5491167920944,S,262,2021-04-05T15:49:40Z
+5491167920944,+5491167930920,S,470,2021-02-23T13:13:35Z
+5491167910920,+191167970944,S,475,2021-03-19T06:26:30Z
+5491167940999,+191167980953,N,173,2021-01-11T06:33:10Z
+191167980952,+5491167940999,N,50,2020-07-08T14:03:11Z
+5491167920930,+191167980953,N,441,2021-02-01T08:28:06Z
+191167970944,+191167980952,S,379,2020-11-02T15:06:01Z
+191167980953,+5491167950940,N,11,2020-07-26T21:22:17Z
+5491167940999,+5491167980954,S,357,2021-02-16T11:52:35Z
+5491167920944,+5491167940999,N,295,2021-02-22T11:58:15Z
+191167980952,+191167970944,S,246,2021-04-05T03:28:17Z
+191167980953,+191167980952,S,42,2020-11-03T03:22:53Z
+5491167920930,+191167980952,N,366,2021-01-19T16:55:56Z
+5491167980951,+5491167950940,S,99,2020-10-23T01:30:17Z
+191167970944,+5491167910920,N,220,2020-12-13T19:28:02Z
+191167980953,+5491167930920,N,278,2021-03-04T23:26:18Z
+5491167920930,+191167980952,S,312,2020-06-28T07:09:04Z
+5491167980951,+191167980953,N,235,2020-11-29T09:05:27Z
+191167980952,+5491167950940,S,66,2020-08-15T19:06:21Z
+5491167980954,+5491167980951,S,235,2020-12-31T20:15:55Z
+191167980952,+191167980953,S,213,2020-05-23T06:12:56Z
+5491167950940,+5491167920944,S,236,2021-04-06T05:00:05Z
+191167980953,+5491167910920,N,352,2020-09-18T17:55:16Z
+191167980952,+5491167980951,S,175,2020-05-25T16:36:36Z
+5491167940999,+5491167980951,N,447,2021-04-14T11:57:25Z
+5491167920930,+5491167940999,N,68,2021-01-25T06:05:31Z
+5491167980950,+5491167920930,S,7,2021-03-09T22:52:25Z
+5491167910920,+191167980952,N,104,2020-06-28T10:38:00Z
+5491167920944,+5491167930920,N,404,2021-02-16T21:43:41Z
+5491167980951,+191167980952,N,193,2020-04-28T20:06:30Z
+5491167930920,+5491167980951,S,251,2020-11-24T22:58:22Z
+5491167980954,+5491167910920,S,121,2020-11-26T17:48:32Z
+5491167980950,+5491167950940,S,51,2021-01-13T01:03:49Z
+5491167910920,+5491167950940,N,4,2020-08-17T18:15:43Z
+5491167980954,+5491167980954,N,82,2020-11-01T06:54:49Z
+5491167920944,+191167980953,N,379,2020-10-15T20:47:43Z
+5491167930920,+191167980953,S,395,2021-04-11T23:18:45Z
+5491167930920,+5491167910920,S,351,2021-03-01T07:49:03Z
+5491167980951,+5491167980951,N,5,2020-05-14T22:28:44Z
+191167980952,+5491167980950,S,266,2020-10-13T13:39:48Z
+5491167980951,+5491167910920,S,229,2020-10-11T04:36:43Z
+5491167980950,+5491167950940,S,480,2020-08-05T08:40:03Z
+5491167980951,+191167970944,N,72,2020-09-25T07:01:42Z
+5491167980951,+5491167930920,S,160,2021-02-08T03:13:31Z
+191167980953,+191167970944,N,113,2021-03-26T18:46:49Z
+5491167920930,+5491167980951,S,12,2021-03-09T03:36:56Z
+5491167930920,+5491167910920,N,123,2020-04-08T21:36:07Z
+5491167980954,+5491167980953,S,295,2020-06-10T09:17:02Z
+5491167980951,+5491167980953,N,479,2020-09-23T20:22:14Z
+191167980953,+5491167920930,N,24,2020-12-11T12:30:54Z
+191167980952,+5491167930920,N,475,2020-05-02T20:45:32Z
+5491167980954,+5491167920930,S,34,2021-01-31T01:14:18Z
+5491167930920,+5491167980950,S,498,2020-12-11T20:00:07Z
+5491167980951,+5491167980950,S,50,2020-05-13T02:30:36Z
+5491167980950,+5491167930920,S,132,2020-05-17T00:26:57Z
+191167970944,+5491167930920,N,108,2020-08-24T11:36:49Z
+191167980952,+5491167910920,S,332,2020-07-08T17:23:35Z
+5491167980950,+191167970944,N,365,2020-04-10T01:31:44Z
+191167980952,+191167980952,N,414,2021-04-02T12:02:33Z
+5491167980953,+5491167980954,N,319,2020-07-21T16:27:37Z
+5491167980953,+5491167980953,N,156,2021-02-28T23:19:24Z
+191167980953,+191167970944,S,498,2021-02-06T04:51:21Z
+191167980952,+191167980953,S,202,2020-06-22T15:43:15Z
+191167980952,+5491167910920,S,188,2020-08-27T15:01:06Z
+191167970944,+191167980952,S,482,2021-01-03T07:50:00Z
+5491167920930,+5491167980951,N,354,2021-03-21T10:27:29Z
+5491167950940,+191167980952,S,112,2020-04-28T10:24:15Z
+5491167930920,+191167980953,S,195,2020-11-08T00:11:49Z
+5491167940999,+5491167940999,S,95,2021-01-15T07:46:25Z
+5491167980954,+5491167920930,N,469,2020-06-05T02:11:00Z
+191167980952,+5491167980950,N,191,2020-05-24T05:48:36Z
+5491167940999,+5491167920930,N,443,2021-03-23T07:01:53Z
+5491167940999,+5491167930920,N,322,2020-08-31T09:10:58Z
+5491167940999,+5491167980951,S,224,2020-11-26T00:58:06Z
+191167980952,+191167980953,N,408,2020-09-21T16:18:58Z
+191167980953,+5491167980950,S,420,2020-05-07T15:32:03Z
+5491167950940,+191167970944,N,419,2020-09-07T23:03:04Z
+5491167980954,+5491167940999,N,22,2020-07-17T14:41:37Z
+5491167980950,+5491167980951,N,124,2021-02-25T01:34:06Z
+191167970944,+5491167930920,N,66,2020-08-30T01:32:54Z
+5491167910920,+191167980953,S,333,2020-04-02T17:19:47Z
+5491167940999,+5491167980953,S,114,2021-03-21T10:45:31Z
+191167980953,+5491167920930,N,398,2020-10-01T01:45:42Z
+191167970944,+5491167980950,S,329,2020-04-18T02:51:13Z
+191167980953,+5491167950940,S,297,2020-12-24T06:43:14Z
+5491167980951,+5491167980953,S,454,2020-07-28T00:00:19Z
+191167980952,+5491167930920,N,231,2021-03-05T07:03:05Z
+5491167980951,+5491167930920,S,251,2021-04-02T20:03:04Z
+5491167910920,+5491167980954,S,486,2020-05-18T17:11:44Z
+5491167980954,+5491167920930,N,426,2020-10-03T13:49:15Z
+5491167980953,+5491167980951,N,273,2021-03-19T12:10:41Z
+5491167980951,+5491167930920,S,139,2020-08-14T10:11:22Z
+5491167920930,+5491167980953,N,113,2020-07-14T10:08:03Z
+191167970944,+5491167920944,S,333,2021-02-04T02:51:27Z
+5491167950940,+5491167940999,S,357,2020-05-26T13:18:09Z
+5491167930920,+5491167980954,N,459,2020-09-01T11:27:22Z
+5491167940999,+5491167980954,S,17,2020-07-27T02:22:54Z
+5491167920944,+191167970944,S,315,2021-03-06T21:32:25Z
+5491167980950,+5491167980950,S,397,2020-07-02T13:59:59Z
+5491167920944,+5491167920944,N,380,2021-03-12T13:24:54Z
+5491167980950,+5491167910920,N,281,2020-09-05T07:55:35Z
+5491167940999,+5491167920944,N,324,2020-06-29T07:25:54Z
+5491167920944,+5491167950940,S,395,2020-11-19T00:41:22Z
+5491167910920,+5491167980950,S,413,2021-04-14T07:22:35Z
+191167970944,+5491167940999,S,407,2020-05-01T12:52:42Z
+5491167940999,+191167980953,S,384,2021-01-07T20:21:06Z
+5491167920930,+5491167910920,S,370,2020-06-20T17:09:46Z
+5491167920944,+5491167920930,N,331,2021-03-04T05:24:49Z
+5491167980951,+5491167980954,S,152,2020-11-22T06:23:10Z
+5491167980954,+5491167980950,N,455,2020-06-15T21:59:58Z
+5491167980951,+5491167920944,S,123,2020-04-26T18:49:25Z
+5491167980950,+5491167940999,S,414,2020-09-16T10:06:22Z
+5491167980954,+5491167910920,S,307,2020-12-15T15:32:20Z
+5491167940999,+5491167950940,S,492,2021-03-06T12:59:16Z
+191167970944,+5491167980951,N,141,2020-05-08T14:36:46Z
+5491167930920,+5491167980953,S,189,2020-04-06T11:55:47Z
+5491167980950,+5491167980950,S,471,2021-04-13T08:35:51Z
+5491167980951,+5491167980954,S,19,2020-07-26T13:40:25Z
+5491167920944,+191167970944,S,329,2020-09-10T02:30:34Z
+5491167910920,+5491167980953,S,221,2021-04-11T15:28:03Z
+5491167920944,+191167970944,S,193,2021-02-20T01:04:46Z
+191167980952,+191167970944,S,472,2020-07-29T08:53:06Z
+5491167980951,+5491167920930,N,296,2020-11-25T01:38:21Z
+5491167930920,+5491167980954,S,287,2020-11-06T03:10:55Z
+5491167980954,+5491167930920,S,425,2020-04-08T04:53:54Z
+5491167980950,+5491167980950,N,218,2021-04-09T18:32:48Z
+5491167930920,+5491167910920,S,332,2020-12-07T14:31:12Z
+5491167950940,+5491167940999,N,380,2020-04-05T13:57:54Z
+191167980953,+5491167920930,S,418,2021-03-06T07:51:56Z
+5491167930920,+5491167980954,S,402,2020-08-19T11:01:33Z
+191167980952,+5491167920930,N,420,2021-02-26T07:01:42Z
+5491167980951,+191167980953,N,341,2020-11-09T20:24:37Z
+5491167980954,+5491167940999,N,88,2020-05-06T06:20:19Z
+5491167910920,+5491167980953,N,202,2020-06-05T03:58:26Z
+5491167920944,+5491167980950,N,426,2020-10-13T22:44:14Z
+5491167980950,+191167980953,N,14,2020-12-08T06:40:51Z
+5491167920944,+5491167920944,N,67,2020-09-01T19:08:19Z
+191167970944,+5491167920944,N,300,2020-12-14T10:28:45Z
+5491167930920,+191167970944,N,26,2020-04-19T03:31:22Z
+5491167950940,+5491167980951,N,266,2020-05-09T14:03:42Z
+5491167920930,+5491167930920,S,198,2020-11-10T01:08:33Z
+5491167910920,+5491167910920,N,231,2021-02-28T00:21:39Z
+5491167980953,+5491167930920,N,205,2020-10-01T20:38:18Z
+5491167980950,+191167980952,S,451,2021-02-27T00:37:44Z
+191167980953,+5491167930920,N,15,2021-03-24T22:59:09Z
+5491167980954,+5491167980950,N,470,2021-02-04T10:37:34Z
+191167980953,+5491167930920,S,37,2020-05-05T04:46:02Z
+5491167980954,+5491167980950,S,407,2020-06-11T13:40:01Z
+191167980952,+191167980953,N,413,2020-06-29T17:05:51Z
+191167970944,+5491167920930,S,240,2020-06-22T09:07:36Z
+191167970944,+5491167980950,N,467,2020-07-29T00:50:10Z
+5491167980951,+5491167980954,N,86,2020-06-10T19:56:10Z
+5491167980953,+191167980953,N,117,2020-12-11T21:43:23Z
+5491167980954,+5491167940999,S,300,2020-09-09T07:44:57Z
+5491167980951,+5491167920944,S,424,2020-12-09T22:43:51Z
+5491167980953,+5491167980954,N,317,2020-07-12T15:41:42Z
+5491167920944,+5491167980950,S,172,2020-12-15T11:17:21Z
+5491167980953,+191167970944,S,111,2020-04-09T21:31:11Z
+5491167920944,+191167980952,N,263,2020-05-19T07:24:37Z
+5491167930920,+191167980952,N,110,2020-10-25T02:41:59Z
+5491167920944,+5491167910920,S,101,2021-01-02T22:25:59Z
+5491167920944,+5491167980951,N,413,2020-06-29T10:38:42Z
+5491167940999,+5491167940999,N,55,2021-02-15T01:51:07Z
+5491167930920,+5491167980954,N,87,2020-09-04T04:02:14Z
+191167970944,+5491167920944,S,108,2020-11-30T10:51:23Z
+5491167930920,+191167970944,N,415,2020-09-21T09:04:33Z
+5491167920930,+5491167980950,S,293,2020-04-16T06:53:00Z
+5491167980954,+191167980952,S,52,2020-06-10T03:54:56Z
+191167970944,+5491167980953,S,410,2020-09-22T09:29:05Z
+191167980953,+5491167920930,S,10,2021-01-06T18:55:23Z
+5491167950940,+191167970944,N,96,2021-01-18T08:08:02Z
+5491167940999,+5491167980954,N,207,2020-07-22T16:14:27Z
+5491167920930,+5491167940999,S,460,2021-02-22T12:47:48Z
+191167980952,+191167980952,N,270,2020-10-31T11:48:53Z
+5491167920930,+5491167950940,N,302,2020-11-18T07:06:50Z
+5491167930920,+5491167980951,S,116,2020-11-16T04:25:35Z
+5491167980950,+191167980953,S,335,2021-04-07T08:07:06Z
+5491167980950,+5491167920944,N,227,2020-09-09T21:57:17Z
+191167970944,+5491167980951,S,391,2020-05-12T05:38:38Z
+191167970944,+5491167980954,S,157,2021-03-27T16:27:46Z
+5491167980954,+5491167980954,S,394,2020-11-24T04:21:27Z
+5491167930920,+191167980952,N,175,2020-08-30T07:35:16Z
+5491167910920,+5491167980950,S,173,2020-05-13T04:05:47Z
+5491167910920,+5491167910920,S,133,2021-03-25T15:03:35Z
+5491167940999,+5491167950940,N,485,2021-04-10T03:18:43Z
+191167970944,+5491167980954,N,103,2020-12-23T15:55:18Z
+5491167980951,+5491167930920,S,481,2020-07-14T08:13:03Z
+5491167940999,+191167980953,N,75,2021-02-01T21:37:50Z
+5491167980954,+191167980952,N,247,2020-08-30T07:09:23Z
+5491167980951,+191167980953,S,289,2020-09-21T05:06:58Z
+191167980953,+191167980952,S,140,2020-11-04T12:00:01Z
+5491167980950,+5491167980951,N,247,2021-01-05T11:33:39Z
+191167970944,+5491167920944,S,422,2021-03-20T14:05:03Z
+5491167910920,+5491167980951,S,368,2020-06-10T11:10:18Z
+5491167910920,+5491167930920,N,391,2020-10-25T12:04:04Z
+5491167980954,+5491167950940,N,400,2020-06-13T07:31:33Z
+191167980952,+5491167940999,N,265,2020-09-17T04:07:37Z
+191167980953,+5491167950940,N,303,2020-07-02T23:47:04Z
+191167980953,+191167980953,S,405,2020-06-03T14:54:59Z
+5491167950940,+5491167920930,S,91,2020-11-02T07:32:49Z
+191167970944,+5491167920944,N,235,2020-12-11T20:35:11Z
+5491167980950,+5491167920944,N,377,2020-11-11T11:19:33Z
+5491167940999,+5491167920930,S,410,2021-03-09T13:12:51Z
+5491167980950,+5491167940999,S,133,2021-02-02T05:27:12Z
+5491167980953,+5491167920930,N,375,2021-01-24T03:58:58Z
+191167980953,+191167970944,N,264,2020-07-24T01:38:41Z
+5491167950940,+5491167940999,S,421,2020-11-15T02:38:49Z
+191167970944,+5491167920930,N,309,2020-10-15T08:14:45Z
+191167980953,+5491167940999,S,249,2021-03-24T22:01:41Z
+5491167980953,+5491167940999,N,266,2020-05-10T12:03:54Z
+5491167950940,+5491167950940,N,419,2020-05-06T14:38:18Z
+5491167950940,+5491167930920,N,133,2020-08-18T20:56:42Z
+5491167950940,+5491167950940,N,63,2020-07-24T14:12:34Z
+5491167930920,+5491167980954,S,499,2020-09-26T16:04:40Z
+191167970944,+5491167930920,S,405,2020-09-02T19:06:57Z
+5491167980953,+5491167980954,N,170,2020-07-07T10:16:43Z
+5491167910920,+191167980953,S,415,2020-10-27T23:38:44Z
+5491167980953,+191167980953,N,348,2020-10-29T00:30:16Z
+5491167930920,+5491167980954,N,447,2021-03-26T09:19:09Z
+191167980953,+5491167920944,N,381,2021-03-29T02:10:34Z
+191167980953,+5491167910920,S,431,2020-11-22T14:47:37Z
+5491167910920,+5491167920944,S,407,2020-06-01T15:38:41Z
+5491167940999,+5491167950940,N,285,2020-09-15T20:42:03Z
+5491167980953,+191167980953,S,410,2021-03-31T18:56:05Z
+5491167920930,+5491167920930,N,177,2020-12-29T19:12:06Z
+5491167910920,+5491167980951,N,15,2021-01-30T01:03:04Z
+5491167910920,+5491167980953,S,80,2020-04-28T17:30:53Z
+5491167950940,+191167980952,S,331,2020-10-05T05:36:17Z
+5491167980954,+5491167920930,N,440,2021-02-17T17:21:29Z
+5491167910920,+191167970944,S,40,2020-08-01T14:34:22Z
+5491167980951,+191167980953,S,381,2020-06-10T07:58:25Z
+5491167920930,+5491167980950,S,54,2020-07-18T00:06:28Z
+5491167920930,+5491167950940,S,487,2020-07-15T12:01:47Z
+5491167980951,+5491167980954,N,97,2020-04-10T21:21:49Z
+5491167980951,+5491167980954,S,453,2021-04-04T21:13:21Z
+5491167980953,+5491167920944,N,417,2020-06-06T05:16:28Z
+191167970944,+5491167980951,S,414,2020-08-31T08:37:23Z
+5491167980951,+5491167980950,S,191,2020-04-22T06:45:57Z
+5491167950940,+5491167950940,N,111,2020-08-23T07:26:40Z
+5491167980951,+191167980952,N,495,2020-07-08T06:44:25Z
+191167970944,+5491167980950,N,187,2020-05-04T20:07:37Z
+5491167920944,+5491167940999,S,471,2020-06-25T17:49:22Z
+5491167920930,+191167980953,N,98,2020-10-12T15:17:45Z
+5491167930920,+5491167940999,N,411,2020-04-26T05:39:15Z
+191167980952,+5491167910920,S,43,2020-04-27T22:03:39Z
+191167980952,+5491167920944,S,14,2021-03-22T16:44:38Z
+5491167980950,+5491167920944,S,319,2021-04-14T22:35:07Z
+5491167920944,+5491167980951,S,338,2020-10-20T18:39:41Z
+5491167980950,+5491167980954,N,399,2020-12-06T13:56:53Z
+5491167910920,+5491167920930,N,397,2020-05-12T05:48:20Z
+191167970944,+5491167920944,S,265,2021-04-02T00:30:39Z
+5491167980951,+5491167980953,S,431,2020-06-24T00:07:44Z
+5491167920930,+5491167980954,S,74,2020-04-14T07:25:24Z
+5491167980950,+5491167920944,S,233,2021-03-09T21:20:20Z
+5491167980954,+5491167980953,N,330,2020-07-13T14:24:58Z
+191167980953,+5491167950940,S,216,2020-07-22T15:11:33Z
+5491167950940,+5491167930920,N,189,2020-11-13T01:51:58Z
+5491167980951,+5491167920930,S,77,2020-11-07T04:24:40Z
+5491167980953,+5491167920930,S,429,2020-04-25T03:17:04Z
+5491167910920,+191167970944,S,58,2021-02-11T04:58:30Z
+5491167940999,+5491167980950,S,241,2020-10-01T10:24:34Z
+191167980953,+5491167910920,N,64,2020-05-11T17:29:21Z
+191167980953,+5491167940999,S,228,2020-11-26T00:46:16Z
+5491167950940,+5491167920930,S,159,2020-08-04T15:48:04Z
+5491167920930,+5491167920930,S,117,2020-06-13T15:40:00Z
+5491167910920,+5491167980954,N,135,2021-01-07T23:45:58Z
+191167980952,+5491167980953,S,96,2021-01-10T13:16:46Z
+5491167940999,+191167970944,S,500,2021-02-14T21:05:23Z
+5491167980953,+191167980953,S,428,2020-11-21T16:36:38Z
+5491167920944,+191167980953,S,346,2020-08-02T03:20:52Z
+191167980953,+5491167980953,N,361,2020-12-29T02:46:41Z
+5491167910920,+5491167930920,S,74,2021-02-07T15:03:41Z
+5491167980953,+5491167950940,S,454,2021-01-07T09:48:28Z
+5491167980953,+5491167950940,S,305,2020-12-03T21:52:55Z
+5491167980953,+191167980953,N,34,2020-05-17T20:03:05Z
+5491167920930,+191167980953,N,55,2020-07-30T11:11:11Z
+191167970944,+5491167980951,N,250,2021-01-18T07:24:03Z
+191167970944,+5491167930920,N,163,2021-02-11T04:42:09Z
+5491167930920,+5491167910920,S,8,2020-06-25T10:58:18Z
+191167980952,+191167980952,S,202,2020-11-19T07:44:19Z
+5491167920944,+191167970944,S,460,2021-02-21T16:49:38Z
+191167980952,+5491167980950,S,327,2020-11-06T11:29:07Z
+5491167930920,+5491167920930,N,423,2021-04-03T19:19:38Z
+5491167940999,+5491167930920,S,110,2020-12-19T18:00:14Z
+5491167910920,+191167970944,S,382,2021-02-06T20:03:00Z
+191167970944,+5491167980954,S,144,2020-04-29T04:12:47Z
+5491167930920,+5491167930920,S,362,2020-07-07T13:28:15Z
+5491167920944,+5491167950940,N,170,2020-12-03T13:58:52Z
+191167970944,+5491167910920,N,27,2020-08-29T10:20:33Z
+5491167980953,+5491167980950,N,143,2020-05-20T03:47:18Z
+5491167980954,+5491167980953,S,254,2020-07-24T17:39:30Z
+191167970944,+191167980953,S,137,2020-09-30T17:30:07Z
+5491167920930,+5491167930920,S,361,2020-06-25T04:47:03Z
+5491167980953,+5491167920944,N,404,2020-09-18T23:15:43Z
+5491167980950,+5491167930920,N,393,2020-12-11T07:54:28Z
+5491167980954,+5491167980951,N,346,2020-09-27T09:12:07Z
+5491167910920,+5491167920944,S,241,2020-08-24T15:02:45Z
+5491167920930,+5491167930920,N,150,2021-01-20T20:05:46Z
+5491167920930,+5491167980954,N,207,2020-07-05T12:17:22Z
+5491167910920,+5491167920944,S,482,2020-12-06T07:02:56Z
+5491167980954,+5491167910920,N,374,2021-02-14T02:49:05Z
+5491167930920,+5491167910920,S,62,2020-04-01T03:19:58Z
+5491167950940,+5491167920944,N,138,2021-03-03T21:24:03Z
+5491167980953,+5491167980950,S,140,2021-04-02T09:07:47Z
+5491167910920,+5491167980950,S,62,2020-06-22T01:52:29Z
+191167980953,+5491167980950,S,341,2020-07-12T10:23:14Z
+5491167980950,+5491167920944,N,383,2020-08-06T06:44:23Z
+5491167940999,+191167980953,N,467,2021-03-02T03:30:16Z
+5491167980950,+5491167980954,S,328,2021-04-03T15:54:17Z
+5491167920944,+5491167920944,S,14,2021-04-07T00:12:43Z
+191167980953,+5491167980953,S,239,2020-06-17T12:34:52Z
+5491167950940,+5491167980951,N,328,2021-01-13T01:51:42Z
+5491167980954,+5491167950940,N,338,2020-11-12T13:23:03Z
+191167970944,+5491167920930,S,63,2021-03-20T17:53:55Z
+5491167940999,+191167980953,N,139,2020-10-02T13:54:52Z
+5491167920944,+5491167980953,S,195,2020-08-22T12:36:27Z
+5491167920930,+191167980952,N,343,2020-10-16T05:59:49Z
+5491167950940,+5491167980954,S,309,2020-12-07T19:02:03Z
+5491167910920,+5491167980951,N,402,2020-09-26T13:54:29Z
+5491167910920,+5491167930920,S,66,2020-04-19T16:12:03Z
+5491167930920,+5491167980950,N,453,2020-11-12T07:59:07Z
+5491167920944,+191167980953,S,99,2020-11-14T14:59:24Z
+5491167980954,+5491167920944,N,63,2020-12-15T00:20:31Z
+5491167920944,+5491167920930,N,160,2020-05-08T04:53:38Z
+191167980952,+191167970944,N,454,2021-03-17T01:25:40Z
+5491167920944,+5491167980950,N,56,2020-09-27T01:35:35Z
+5491167940999,+5491167910920,N,200,2020-04-06T09:01:40Z
+5491167980954,+5491167980950,S,500,2021-03-10T10:52:53Z
+5491167910920,+5491167980950,S,111,2021-02-11T11:26:57Z
+5491167980954,+5491167950940,N,461,2020-04-12T00:50:22Z
+5491167920930,+5491167910920,N,158,2021-01-10T04:45:06Z
+5491167920944,+191167970944,S,357,2021-03-27T18:15:44Z
+5491167940999,+5491167940999,S,428,2020-06-02T08:00:40Z
+191167980953,+5491167980950,N,285,2020-04-29T01:11:09Z
+5491167920930,+5491167980951,S,109,2020-06-30T08:51:33Z
+191167970944,+5491167930920,N,432,2020-12-13T11:40:10Z
+5491167940999,+5491167910920,N,238,2020-09-26T07:34:37Z
+5491167980954,+191167980953,S,477,2021-01-24T08:54:23Z
+5491167910920,+191167980952,N,27,2020-11-04T07:53:35Z
+5491167940999,+191167980953,S,261,2020-08-26T00:00:13Z
+5491167980953,+5491167920944,S,372,2021-04-15T22:23:03Z
+5491167950940,+5491167930920,N,436,2021-03-09T09:24:25Z
+5491167920944,+191167970944,S,360,2020-07-14T02:19:28Z
+5491167940999,+5491167980950,S,98,2020-08-19T16:35:24Z
+191167980952,+5491167930920,N,17,2020-05-26T19:47:02Z
+5491167980953,+191167970944,N,163,2020-11-19T11:14:51Z
+5491167940999,+5491167940999,S,78,2020-11-16T04:39:38Z
+5491167950940,+5491167980950,S,26,2020-05-29T20:50:00Z
+5491167980953,+5491167980951,N,321,2020-04-09T20:21:38Z
+5491167950940,+5491167910920,N,16,2020-11-15T19:27:12Z
+5491167920930,+5491167980954,N,426,2021-02-26T13:00:00Z
+5491167980954,+5491167930920,S,106,2020-12-02T11:30:46Z
+5491167980953,+5491167930920,S,261,2020-12-13T03:49:10Z
+5491167980951,+5491167980953,S,226,2021-03-18T15:26:10Z
+5491167920944,+5491167930920,S,436,2020-11-12T14:21:59Z
+191167970944,+5491167980950,N,263,2020-10-30T07:18:56Z
+5491167980950,+5491167920930,S,59,2020-09-18T14:08:42Z
+191167970944,+5491167980951,N,221,2021-04-09T01:48:07Z
+5491167980950,+5491167980950,N,110,2020-05-26T02:11:50Z
+5491167950940,+191167970944,S,333,2020-04-02T00:45:39Z
+5491167920944,+5491167980954,N,300,2020-09-05T12:30:02Z
+191167980953,+5491167950940,S,143,2020-06-25T01:55:26Z
+5491167940999,+5491167920930,S,356,2020-08-10T21:15:41Z
+191167980952,+191167980952,S,380,2020-10-01T11:21:57Z
+5491167950940,+5491167950940,S,363,2021-04-01T00:46:38Z
+5491167950940,+191167980953,N,226,2020-05-03T09:19:43Z
+5491167940999,+191167980953,N,159,2020-04-20T23:04:10Z
+191167980953,+5491167940999,N,411,2020-05-20T16:57:27Z
+191167970944,+5491167950940,N,434,2020-06-02T00:12:09Z
+5491167950940,+191167980953,N,80,2020-07-31T21:01:41Z
+191167980953,+5491167910920,N,305,2021-02-12T05:44:33Z
+5491167980953,+5491167930920,S,365,2020-04-18T20:57:57Z
+5491167940999,+5491167980953,S,467,2020-11-02T21:24:32Z
+5491167950940,+5491167980953,N,427,2020-11-24T20:25:46Z
+191167980952,+191167970944,S,356,2020-08-30T13:50:08Z
+5491167920944,+5491167980953,N,212,2020-05-24T04:28:54Z
+191167980953,+5491167980953,N,389,2021-03-09T12:33:34Z
+5491167980954,+5491167980951,S,393,2020-04-24T06:09:37Z
+5491167980953,+191167980953,N,472,2021-02-13T17:56:35Z
+5491167940999,+5491167920930,N,436,2021-03-04T08:20:07Z
+5491167980953,+5491167980954,S,342,2020-07-08T09:02:12Z
+5491167980950,+5491167930920,S,155,2020-07-24T22:49:09Z
+191167980952,+191167980952,S,32,2020-05-01T10:14:51Z
+5491167920930,+5491167950940,N,46,2020-07-09T23:06:25Z
+5491167980953,+191167980952,S,284,2020-11-20T05:53:52Z
+5491167930920,+191167980953,N,272,2020-04-15T11:49:01Z
+5491167980954,+191167980953,N,58,2021-04-07T04:17:25Z
+5491167940999,+191167980952,S,171,2021-01-08T20:13:53Z
+5491167910920,+5491167940999,S,281,2020-05-20T00:20:38Z
+191167980952,+191167980953,S,30,2020-12-06T13:03:28Z
+5491167920930,+191167980953,N,407,2020-05-03T14:07:48Z
+5491167980950,+5491167920930,N,64,2020-07-19T19:34:59Z
+5491167950940,+5491167980950,N,149,2020-04-13T18:00:26Z
+5491167910920,+5491167980953,N,168,2021-03-30T18:22:26Z
+5491167910920,+5491167980953,N,465,2021-01-23T10:20:12Z
+5491167940999,+191167980952,N,418,2020-05-30T20:33:08Z
+5491167980954,+5491167910920,N,28,2021-03-21T22:09:18Z
+5491167930920,+5491167920944,S,392,2020-04-22T14:22:19Z
+5491167980954,+5491167910920,N,315,2020-05-29T07:09:13Z
+5491167980953,+5491167980953,S,76,2021-04-10T11:49:28Z
+5491167980950,+5491167980953,S,437,2020-04-21T18:53:54Z
+5491167980950,+5491167920930,S,434,2020-06-22T10:29:05Z
+5491167910920,+5491167940999,N,336,2020-07-16T19:24:48Z
+5491167940999,+5491167920944,S,268,2021-03-23T10:55:47Z
+191167980952,+5491167980951,N,138,2020-09-02T16:51:01Z
+5491167980953,+5491167930920,N,194,2020-09-27T10:14:18Z
+5491167910920,+5491167980951,N,234,2021-02-05T19:41:48Z
+5491167930920,+5491167920930,S,488,2020-07-01T11:47:22Z
+5491167910920,+5491167910920,N,25,2020-07-29T14:36:32Z
+5491167980953,+5491167950940,S,201,2020-05-15T09:30:10Z
+5491167950940,+191167980953,N,436,2020-12-09T08:49:55Z
+191167980953,+5491167920944,S,205,2020-09-10T14:07:18Z
+191167980953,+191167980953,N,158,2020-09-20T08:47:37Z
+5491167920930,+5491167930920,N,310,2020-10-19T12:06:29Z
